{"schemaVersion":"1.0","appDefinitionTemplate":{"id":"/providers/Microsoft.PowerApps/apps/","type":"Microsoft.PowerApps/apps","tags":{"sp-site-id":"https://dexcom.sharepoint.com/sites/IntranetRequests","sp-list-id":"d202b6a5-b2a1-4178-881c-8de7aef305e2","https://dexcom.sharepoint.com/sites/IntranetRequests":"d202b6a5-b2a1-4178-881c-8de7aef305e2","primaryDeviceWidth":"640","primaryDeviceHeight":"1136","sienaVersion":"20220308T221953Z-3.22022.31.0","deviceCapabilities":"","supportsPortrait":"true","supportsLandscape":"true","primaryFormFactor":"Phone","publisherVersion":"3.22022.31","minimumRequiredApiVersion":"2.2.0","hasComponent":"false","hasUnlockedComponent":"false","isUnifiedRootApp":"false"},"properties":{"appVersion":"2022-03-08T22:19:53Z","lifeCycleId":"Published","createdByClientVersion":{"major":3,"minor":22022,"build":31,"revision":0,"majorRevision":0,"minorRevision":0},"minClientVersion":{"major":3,"minor":22022,"build":31,"revision":0,"majorRevision":0,"minorRevision":0},"backgroundColor":"RGBA(0,176,240,1)","backgroundImageUri":"/8966495571359556579/Ne1fa6136-49d6-4e9e-ad15-a49d8ab149a5-logoSmallFile","displayName":"360 Request Form","description":"","commitMessage":"","appUris":{"documentUri":{"value":"/8966495571359556579/N6028cb5a-d1d8-420b-8cf6-80d44a0abbe2-document.msapp"},"imageUris":[],"additionalUris":[]},"createdTime":"0001-01-01T00:00:00Z","lastModifiedTime":"0001-01-01T00:00:00Z","sharedGroupsCount":0,"sharedUsersCount":0,"connectionReferences":{"7d9b747b-2183-42af-bc48-69c6f04b4bfc":{"id":"de720440-e23f-48e5-9965-29c8248fe449","displayName":"SharePoint","iconUri":"https://connectoricons-prod.azureedge.net/releases/v1.0.1554/1.0.1554.2707/sharepointonline/icon.png","dataSources":["D360 Requests"],"dependencies":[],"dependents":[],"parameterHints":{},"parameterHintsV2":{},"isOnPremiseConnection":false,"dataSets":{"https://dexcom.sharepoint.com/sites/IntranetRequests":{"dataSources":{"D360 Requests":{"tableName":"d202b6a5-b2a1-4178-881c-8de7aef305e2"}}}},"apiTier":"Standard","isCustomApiConnection":false,"actions":["providers/PowerPlatform.Governance/Operations/Read","providers/PowerPlatform.Governance/Operations/Write","providers/PowerPlatform.Governance/Operations/Delete"]}},"databaseReferences":{},"almMode":"Environment","performanceOptimizationEnabled":true,"canConsumeAppPass":true,"executionRestrictions":{"isTeamsOnly":false,"dataLossPreventionEvaluationResult":{"status":"Compliant","lastEvaluationDate":"2022-03-08T22:20:09.1822449Z","violations":[],"violationsByPolicy":[],"violationErrorMessage":"The app uses the following connectors: shared_sharepointonline."}}},"appType":"ClassicCanvasApp","appComponents":[]}}